{"RuleTriggered": 0, "Violations": 0, "Details": {"pin_memory": false, "num_workers": 0, "cores": 36, "dataloaders": 1, "dataloading_time": {"p25": 0.022905, "p50": 0.023761499999999998, "p95": 0.02514175, "probs": [1, 0, 0, 0, 0, 0, 0, 0, 0, 0, 0, 0, 0, 0, 0, 0, 0, 0, 0, 0, 0, 0, 0, 0, 0, 0, 0, 0, 0, 0, 0, 0, 0, 0, 0, 0, 0, 0, 0, 0, 0, 0, 0, 0, 0, 0, 0, 0, 0, 0, 0, 0, 0, 0, 0, 0, 0, 0, 0, 0, 0, 0, 0, 0, 0, 0, 0, 0, 0, 0, 0, 0, 0, 0, 0, 0, 0, 0, 0, 1, 0, 0, 0, 0, 1, 0, 0, 0, 0, 1, 1, 1, 1, 0, 1, 1, 0, 0, 0, 1], "binedges": [0.006546, 0.00673585, 0.0069257, 0.00711555, 0.0073054, 0.00749525, 0.0076851, 0.00787495, 0.0080648, 0.00825465, 0.0084445, 0.008634349999999999, 0.0088242, 0.00901405, 0.0092039, 0.00939375, 0.0095836, 0.00977345, 0.0099633, 0.01015315, 0.010343, 0.01053285, 0.0107227, 0.01091255, 0.0111024, 0.01129225, 0.0114821, 0.01167195, 0.011861799999999999, 0.01205165, 0.012241499999999999, 0.01243135, 0.012621199999999999, 0.012811050000000001, 0.0130009, 0.013190750000000001, 0.0133806, 0.013570450000000001, 0.0137603, 0.01395015, 0.01414, 0.01432985, 0.0145197, 0.01470955, 0.0148994, 0.01508925, 0.0152791, 0.01546895, 0.0156588, 0.01584865, 0.0160385, 0.016228350000000002, 0.0164182, 0.01660805, 0.016797899999999998, 0.01698775, 0.0171776, 0.01736745, 0.017557299999999998, 0.01774715, 0.017937, 0.01812685, 0.018316699999999998, 0.01850655, 0.018696400000000002, 0.01888625, 0.0190761, 0.01926595, 0.019455800000000002, 0.01964565, 0.0198355, 0.02002535, 0.020215200000000003, 0.02040505, 0.0205949, 0.020784749999999998, 0.0209746, 0.02116445, 0.0213543, 0.021544149999999998, 0.021734, 0.02192385, 0.0221137, 0.022303550000000002, 0.0224934, 0.022683250000000002, 0.0228731, 0.02306295, 0.0232528, 0.02344265, 0.0236325, 0.02382235, 0.0240122, 0.02420205, 0.0243919, 0.02458175, 0.0247716, 0.02496145, 0.0251513, 0.02534115, 0.025531]}}, "Datapoints": 10, "RuleParameters": "min_threshold:70\nmax_threshold:200"}