{"RuleTriggered": 0, "Violations": 0, "Details": {"step_num": {"first": 1651734263815495, "last": 1651736756399934}, "job_start": 1651734188.863218, "job_end": 1651736759.863519}, "Datapoints": 86, "RuleParameters": "threshold:20"}