{"RuleTriggered": 0, "Violations": 0, "Details": {"ratio": {"cpu_functions": 100.0}, "phase": {"Step:ModeKeys.GLOBAL": 108.01560038033257, "others": -8.015600380332579}, "phase_time": {}, "general": {"DataLoaderIterInitialize": 0.011563982439332779, "Forward": 99.9793564515325, "DataLoaderIter": 0.009079566028171854}, "CPU": {"dropout": 2.976431046798676, "matmul": 10.568962665351094, "mm": 30.613953048509735, "NativeLayerNormBackward": 5.769540669144046, "native_layer_norm_backward": 5.7680984841485445, "MmBackward": 21.376719976835417, "GeluBackward": 11.463314477812473, "gelu_backward": 11.462979631400021}, "CPU_total": {"dropout": 11928963, "matmul": 42358369, "mm": 122694834, "NativeLayerNormBackward": 23123209, "native_layer_norm_backward": 23117429, "MmBackward": 85673781, "GeluBackward": 45942759, "gelu_backward": 45941417}}, "Datapoints": 0, "RuleParameters": ""}